{
  "base_as": {
    "sharpe_mean": 0.2761936165880963,
    "sharpe_se": 0.0016775150840958482,
    "cvar_mean": -0.14344359528098313,
    "cvar_se": 0.001970219598871273,
    "pnl_mean": 4.678252957231139,
    "pnl_se": 0.046836354132397735,
    "pnl_std": 3.311830361307302
  },
  "regime": {
    "sharpe_mean": 0.2343429557757263,
    "sharpe_se": 0.0013801606524493548,
    "cvar_mean": -0.09249836808299226,
    "cvar_se": 0.0010588236474832677,
    "pnl_mean": 3.3067655859997447,
    "pnl_se": 0.03163692113486164,
    "pnl_std": 2.2370681470324674
  },
  "adv_sel": {
    "sharpe_mean": 0.231837052729912,
    "sharpe_se": 0.0013998395851420873,
    "cvar_mean": -0.09282446273717722,
    "cvar_se": 0.0010638704538001634,
    "pnl_mean": 3.1067130414997437,
    "pnl_se": 0.029475307954535828,
    "pnl_std": 2.084219013221407
  },
  "wonham": {
    "sharpe_mean": 0.23065525714500953,
    "sharpe_se": 0.0013335834751843632,
    "cvar_mean": -0.063709093500988,
    "cvar_se": 0.000919184792648599,
    "pnl_mean": 3.2281373950503713,
    "pnl_se": 0.030704936903001263,
    "pnl_std": 2.1711669100017263
  }
}